{
 "TAURUSMUTUALFUND_MF": 5.478260869565218,
 "QUANTUMMUTUALFUND_MF": 3.7777777777777777,
 "BirlaSunLifeMutualFund_MF": 5.650485436893204,
 "FRANKLINTEMPLETON": -1.4326241134751774,
 "ICICIPrudentialMutualFund_MF": 5.363934426229508,
 "DSP_MF": 8.384180790960452,
 "PPFAS_MF": 5,
 "HDFCMutualFund_MF": 3.1025641025641026,
 "PRINCIPALMUTUALFUND_MF": 5.231884057971015,
 "KOTAKMAHINDRAMF": 6.894409937888199,
 "MAHINDRA MANULIFE MUTUAL FUND_MF": 3.06,
 "JM FINANCIAL MUTUAL FUND_MF": 6.741935483870968,
 "IDFCMUTUALFUND_MF": 3.089622641509434,
 "SBIMutualFund_MF": 7.119318181818182,
 "NipponIndiaMutualFund_MF": 3.5992063492063493,
 "INVESCOMUTUALFUND_MF": 5.959016393442623,
 "PGIMINDIAMUTUALFUND_MF": 6.608333333333333,
 "MOTILALOSWAL_MF": 4.191489361702128,
 "BNPPARIBAS_MF": 6.363636363636363,
 "TATAMutualFund_MF": 7.068376068376068,
 "HSBCMUTUALFUND_MF": 3.0104166666666665,
 "IDBIMUTUALFUND_MF": 6.311688311688312,
 "IIFLMUTUALFUND_MF": 6.333333333333333,
 "UNIONMUTUALFUND_MF": 6.448275862068965,
 "INDIABULLSMUTUALFUND_MF": 3.24,
 "SHRIRAMMUTUALFUND_MF": 7.545454545454546,
 "EDELWEISSMUTUALFUND_MF": 4.354838709677419,
 "CANARAROBECOMUTUALFUND_MF": 8.547945205479452,
 "BHARTIAXAMUTUALFUND_MF": 7.423728813559322,
 "LICMUTUALFUND_MF": 3.9066666666666667,
 "MIRAEASSET": 7.535211267605634,
 "UTIMUTUALFUND_MF": 3.2420091324200913,
 "AXISMUTUALFUND_MF": 6.325581395348837,
 "SUNDARAMMUTUALFUND_MF": 4.158730158730159,
 "L&TMUTUALFUND_MF": 4.645161290322581,
 "BARODAMUTUALFUND_MF": 2.56,
 "NAVIMUTUALFUND_MF": 2.7142857142857144,
 "YESMUTUALFUND_MF": 3.25,
 "ITI MUTUAL FUND_MF": 0.22641509433962265,
 "QUANTMUTUALFUND_MF": 15.761904761904763
}